ID	Label
D2-1	NaP
D2-2	Nap
D2-3	Nap
D2-4	Nap
D2-5	Nap
D2-6	Nap
D2-7	Nap
D2-8	Nap
D2-9	Nap
D2-10	Nap
D2-11	Nap
D2-12	Nap
D2-13	Nap
D2-14	Nap
D2-15	Nap
D2-16	Nap
D2-17	Nap
D2-18	Nap
D2-19	Nap
D2-20	Nap
D2-21	Nap
D2-22	Nap
D2-23	Nap
D2-24	Nap
D2-25	Nap
D2-26	Nap
D2-27	Nap
D2-28	Nap
D2-29	Nap
D2-30	Nap
D2-31	Nap
D2-32	Nap
D2-33	Nap
D2-34	Nap
D2-35	Nap
D2-36	Nap
D2-37	Nap
D2-38	Nap
D2-39	Nap
D2-40	Nap
D2-41	Nap
D2-42	Nap
D2-43	Nap
D2-44	Nap
D2-45	Nap
D2-46	Nap
D2-47	Nap
D2-48	Nap
D2-49	Nap
D2-50	Nap
D2-51	Nap
D2-52	Nap
D2-53	Nap
D2-54	Nap
D2-55	Nap
D2-56	Nap
D2-57	Nap
D2-58	Nap
D2-59	Nap
D2-60	Nap
D2-61	Nap
D2-62	Nap
D2-63	Nap
D2-64	Nap
D2-65	Nap
D2-66	Nap
D2-67	Nap
D2-68	Nap
D2-69	Nap
D2-70	Nap
D2-71	Nap
D2-72	Nap
D2-73	Nap
D2-74	Nap
D2-75	Nap
D2-76	Nap
D2-77	Nap
D2-78	Nap
D2-79	Nap
D2-80	Nap
D2-81	Nap
D2-82	Nap
D2-83	Nap
D2-84	Nap
D2-85	Nap
D2-86	Nap
D2-87	Nap
D2-88	Nap
D2-89	Nap
D2-90	Nap
D2-91	Nap
D2-92	Nap
D2-93	Nap
D2-94	Nap
D2-95	Nap
D2-96	Nap
D2-97	Nap
D2-98	Nap
D2-99	Nap
D2-100	Nap
